{"cameraMode":{"drawMode":0,"name":"Shaded","section":"Shading Mode"},"sceneLighting":false,"audioPlay":false,"sceneViewState":{"showFog":true,"showMaterialUpdate":false,"showSkybox":false,"showFlares":true,"showImageEffects":true,"showParticleSystems":true},"in2DMode":false,"pivot":{"x":-0.4264580011367798,"y":-0.7879866361618042,"z":-0.19215714931488038},"rotation":{"x":-0.11336565017700196,"y":0.8718457818031311,"z":-0.2401730865240097,"w":-0.4115285873413086},"size":2.5618603229522707,"orthographic":false}