{"cameraMode":{"drawMode":0,"name":"Shaded","section":"Shading Mode"},"sceneLighting":true,"audioPlay":false,"sceneViewState":{"showFog":true,"showMaterialUpdate":false,"showSkybox":true,"showFlares":true,"showImageEffects":true,"showParticleSystems":true},"in2DMode":false,"pivot":{"x":719.2653198242188,"y":801.9808349609375,"z":1274.2171630859375},"rotation":{"x":-0.2735748291015625,"y":-0.06746979057788849,"z":0.019239958375692369,"w":-0.9592934250831604},"size":3142.2138671875,"orthographic":false}