{"cameraMode":{"drawMode":0,"name":"Shaded","section":"Shading Mode"},"sceneLighting":false,"audioPlay":false,"sceneViewState":{"showFog":true,"showMaterialUpdate":false,"showSkybox":false,"showFlares":true,"showImageEffects":true,"showParticleSystems":true},"in2DMode":false,"pivot":{"x":-0.141992449760437,"y":-0.5984892845153809,"z":-0.3216989040374756},"rotation":{"x":-0.07687065750360489,"y":0.9226263761520386,"z":-0.28268375992774966,"w":-0.25089356303215029},"size":4.110382080078125,"orthographic":false}