{"cameraMode":{"drawMode":0,"name":"Shaded","section":"Shading Mode"},"sceneLighting":false,"audioPlay":false,"sceneViewState":{"showFog":true,"showMaterialUpdate":false,"showSkybox":false,"showFlares":true,"showImageEffects":true,"showParticleSystems":true},"in2DMode":false,"pivot":{"x":0.0016000084578990937,"y":-0.005650036036968231,"z":-0.01900000125169754},"rotation":{"x":-0.14316821098327638,"y":0.8559640645980835,"z":-0.3298414945602417,"w":-0.37153398990631106},"size":1.779963493347168,"orthographic":false}