{"cameraMode":{"drawMode":0,"name":"Shaded","section":"Shading Mode"},"sceneLighting":false,"audioPlay":false,"sceneViewState":{"showFog":true,"showMaterialUpdate":false,"showSkybox":false,"showFlares":true,"showImageEffects":true,"showParticleSystems":true},"in2DMode":false,"pivot":{"x":-0.8995711803436279,"y":-1.2201942205429078,"z":-0.5896588563919067},"rotation":{"x":-0.14236848056316377,"y":0.8530575633049011,"z":-0.3039761483669281,"w":-0.39953485131263735},"size":3.7877681255340578,"orthographic":false}